<?xml version="1.0" encoding="UTF-8"?>
<GenRun Id="synth_1" LaunchPart="xc7z020clg484-1" LaunchTime="1605367948">
  <File Type="PA-TCL" Name="classic_debounced_fsm_with_compare.tcl"/>
  <File Type="REPORTS-TCL" Name="classic_debounced_fsm_with_compare_reports.tcl"/>
  <File Type="RDS-RDS" Name="classic_debounced_fsm_with_compare.vds"/>
  <File Type="RDS-UTIL" Name="classic_debounced_fsm_with_compare_utilization_synth.rpt"/>
  <File Type="RDS-UTIL-PB" Name="classic_debounced_fsm_with_compare_utilization_synth.pb"/>
  <File Type="RDS-DCP" Name="classic_debounced_fsm_with_compare.dcp"/>
  <FileSet Name="sources" Type="DesignSrcs" RelSrcDir="$PSRCDIR/sources_1">
    <Filter Type="Srcs"/>
    <File Path="$PSRCDIR/sources_1/imports/Task5_FSM/classic_debounced_fsm_with_compare.v">
      <FileInfo>
        <Attr Name="ImportPath" Val="B:/Projects/ESL/Task5_FSM/classic_debounced_fsm_with_compare.v"/>
        <Attr Name="ImportTime" Val="1605367649"/>
        <Attr Name="UsedIn" Val="synthesis"/>
        <Attr Name="UsedIn" Val="implementation"/>
        <Attr Name="UsedIn" Val="simulation"/>
      </FileInfo>
    </File>
    <Config>
      <Option Name="DesignMode" Val="RTL"/>
      <Option Name="TopModule" Val="classic_debounced_fsm_with_compare"/>
      <Option Name="TopAutoSet" Val="TRUE"/>
    </Config>
  </FileSet>
  <FileSet Name="constrs_in" Type="Constrs" RelSrcDir="$PSRCDIR/constrs_1">
    <Filter Type="Constrs"/>
    <File Path="$PSRCDIR/constrs_1/new/FSM.xdc">
      <FileInfo>
        <Attr Name="ImportPath" Val="B:/Projects/Vivado/FSM/FSM.srcs/constrs_1/new/FSM.xdc"/>
        <Attr Name="ImportTime" Val="1605367838"/>
        <Attr Name="UsedIn" Val="synthesis"/>
        <Attr Name="UsedIn" Val="implementation"/>
      </FileInfo>
    </File>
    <Config>
      <Option Name="TargetConstrsFile" Val="$PSRCDIR/constrs_1/new/FSM.xdc"/>
      <Option Name="ConstrsType" Val="XDC"/>
    </Config>
  </FileSet>
  <FileSet Name="utils" Type="Utils" RelSrcDir="$PSRCDIR/utils_1">
    <Filter Type="Utils"/>
    <Config>
      <Option Name="TopAutoSet" Val="TRUE"/>
    </Config>
  </FileSet>
  <Strategy Version="1" Minor="2">
    <StratHandle Name="Vivado Synthesis Defaults" Flow="Vivado Synthesis 2020"/>
    <Step Id="synth_design"/>
  </Strategy>
</GenRun>
